dateNo	date	ZT	key	startZT	cell	protocol	Imin	Imax	FRbeg	FRennd	Amp	PSD
0	08/12/2010	2.1	22	16	WT	Const	-15		0			-55.12
0	08/12/2010	2.1	23	16.44	WT	Depol Step	-15	5	8.65	8.652	-20.31	-33.05
0	08/12/2010	2.1	24	16.48	WT	Depol Step	-15	10	11.4	10.31	-16.45	-28.6
0	08/12/2010	2.1	25	16.57	WT	Depol Step	-15	15	14.49	11.46	-12.04	-24.31
0	08/12/2010	2.1	26	16.66	WT	Depol Step	-15	20	16.44	7.886	-7.53	-19.18
1	10/12/2010	8.6	10	17.81	WT	Depol Step	-5	0	1.834	1.383	-30.4	-42.38
1	10/12/2010	8.6	11	18	WT	Const	-5		0.2413		-34.9	-48.83
1	10/12/2010	8.6	12	17.86	WT	Depol Step	-5	5	5.595	4.967	-23.49	-32.95
1	10/12/2010	8.6	13	17.89	WT	Depol Step	-5	5	5.072	4.693	-24.94	-34.2
1	10/12/2010	8.6	14	17.95	WT	Depol Step	-5	10	7.187	7.983	-18.38	-26.5
1	10/12/2010	8.6	15	18.01	WT	Depol Step	-5	15	10.33	10.36	-11.84	-19.12
2	19/01/2011	6	0	14.41	WT	Depol Step	-45	-25	1.352	2.201	-24.88	-41.45
2	19/01/2011	6	1	14.44	WT	Depol Step	-40	-20	5.921	11.32	-22.67	-38.57
2	19/01/2011	6	2	14.47	WT	Depol Step	-35	-15	15.61	17.05	-20.18	-35.49
2	19/01/2011	4.4	3	15	WT	Const	-32		0			-48.59
2	19/01/2011	4.4	4	14.58	WT	Depol Step	-32	-27	1.115	1.964	-27.39	-43.91
2	19/01/2011	4.4	5	14.60	WT	Depol Step	-32	-22	14.17	10.59	-23.64	-39.88
2	19/01/2011	4.4	6	14.63	WT	Depol Step	-35	-25	6	7.577	-26.31	-42.41
2	19/01/2011	4.4	7	14.66	WT	Depol Step	-35	-20	16.35	13.95	-22.75	-38.47
2	19/01/2011	4.4	8	14.71	WT	Depol Step	-35	-15	20.62	15.96	-21.34	-36.94
4	20/01/2011	5.3	0	15	WT	Const	-10		0			-54.03
4	20/01/2011	5.3	1	15.38	WT	Depol Step	-10	-5	1.273	0	-2.894	-43.14
4	20/01/2011	5.3	2	15.39	WT	Depol Step	-10	0	4.734	7.462	0.8224	-37.16
4	20/01/2011	5.3	3	15.43	WT	Depol Step	-10	5	9.798	11.34	3.147	-33.66
4	20/01/2011	5.3	4	15.45	WT	Depol Step	-10	10	15.23	16.49	5.248	-29.99
4	20/01/2011	5.3	17	17.03	WT	Depol Step	-100	-80	8.288	3.192	-56.92	-63.04
5	21/01/2011	10	0	12.39	WT	Depol Step	-10	10	17.12	19.4	-10.07	-23.22
5	21/01/2011	2.4	1	12	WT	Const	-8		0			-57.34
5	21/01/2011	2.4	2	12.46	WT	Depol Step	-8	-3	0	0.7786	-24.92	-43.98
5	21/01/2011	2.4	3	12.49	WT	Depol Step	-8	2	6.55	7.62	-19.12	-35.14
5	21/01/2011	2.4	4	12.52	WT	Depol Step	-8	7	14.23	15.38	-13.08	-27.44
5	21/01/2011	2.4	5	12.56	WT	Depol Step	-8	12	21.59	20.03	-8.068	-21.59
5	21/01/2011	2.4	16	13.50	WT	Depol Step	-5	5	7.952	8.375	-17.37	-34.19
5	21/01/2011	2.4	18	13.58	WT	Depol Step	-5	5	7.952	8.375	-17.37	-24.49
5	21/01/2011	2.4	20	13.69	WT	Depol Step	-5	5	0	0	-17.37	-23.83
6	21/01/2011	10	25	20.46	WT	Depol Step	-1	19	17.47	16.35	11.1	-34.76
6	21/01/2011	10	26	20	WT	Const	-1		0.08393		4.788	-53.89
6	21/01/2011	10	27	20.50	WT	Depol Step	-3	2	4.853	4.005	6.902	-44.83
6	21/01/2011	10	28	20.51	WT	Depol Step	-3	7	6.716	7.728	9.279	-40.89
6	21/01/2011	10	29	20.55	WT	Depol Step	-3	12	19.78	15.88	10.99	-34.41
6	21/01/2011	10	30	20.58	WT	Depol Step	-3	12	13.71	13.52	9.661	-37.26
6	21/01/2011	10	31	20.60	WT	Depol Step	-3	17	20.34	20.95	10.1	-33.7
7	31/01/2011	7.4	0	17	WT	Const	-10		0			-56.04
7	31/01/2011	7.4	1	17.45	WT	Depol Step	-10	-5	0	0	-100	-44.76
7	31/01/2011	7.4	2	17.46	WT	Depol Step	-10	0	3.206	2.78	-1.714	-45.26
7	31/01/2011	7.4	3	17.49	WT	Depol Step	-10	5	5.559	5.189	-0.7891	-43.11
7	31/01/2011	7.4	4	17.53	WT	Depol Step	-10	10	9.876	7.326	0.4488	-39.82
7	31/01/2011	7.4	5	17.56	WT	Depol Step	-6	4	5.243	4.419	-2.179	-43.6
7	31/01/2011	7.4	6	17.58	WT	Depol Step	-6	-1	2.937	1.919	-4.924	-46.52
7	31/01/2011	7.4	7	17.60	WT	Depol Step	-6	9	7.253	6.644	-1.234	-41.28
7	31/01/2011	7.4	8	17.62	WT	Depol Step	-6	14	10.91	10.39	0.6337	-37.88
7	31/01/2011	7.4	15	18.27	WT	Depol Step	-2	8	4.642	4.899	-7.427	-44.27
7	31/01/2011	7.4	17	18.36	WT	Depol Step	-2	8	1.207	0.9539	-8.451	-37.6
7	31/01/2011	7.4	18	18.39	WT	Depol Step	-2	8	1.413	0.9841	-8.587	-35.82
7	31/01/2011	7.4	20	18.58	WT	Depol Step	-2	8	4.033	2.609	-18.13	-25.6
8	09/02/2011	4.6	1	14.64	WT	Depol Step	-6	4	11.14	14.83	-6.196	-33.68
8	09/02/2011	4.6	2	15	WT	Const	-6		0			-55.11
8	09/02/2011	4.6	3	14.67	WT	Depol Step	-6	-1	2.252	3.915	-8.087	-41.5
8	09/02/2011	4.6	4	14.69	WT	Depol Step	-6	9	22.9	22.85	-3.401	-28.13
8	09/02/2011	4.6	5	14.72	WT	Depol Step	-6	14	30.92	24.83	-0.7201	-24.12
8	09/02/2011	4.6	11	15.02	WT	Depol Step	-6	4	16.2	13.86	-4.91	-34.25
8	09/02/2011	4.6	15	17.83	WT	Depol Step	-250	-50	20.21	14.32	-8.641	-25.51
8	09/02/2011	4.6	16	17.85	WT	Depol Step	-250	-150	20.21	14.32	-8.641	-45.98
8	09/02/2011	4.6	17	17.86	WT	Depol Step	-170	-70	12.11	15.42	-7.074	-29.52
8	09/02/2011	4.6	18	17.88	WT	Depol Step	-170	-120	1.12	3.822	-12.69	-32.08
8	09/02/2011	4.6	19	17.97	WT	Depol Step	-120	30	35.35	31.11	10.61	-2.774
8	09/02/2011	4.6	20	18.01	WT	Depol Step	-130	70	39.25	37.29	22.04	11.32
9	02/03/2011	5.1	0	15.12	WT	Depol Step	-16	4	10.05	10.3	6.968	-37.52
9	02/03/2011	5.1	1	15.16	WT	Depol Step	-16	-1	6.897	6.325	3.83	-40.59
9	02/03/2011	5.1	2	15.18	WT	Depol Step	-16	-6	3.265	1.894	1.317	-44.97
9	02/03/2011	5.1	3	15.19	WT	Depol Step	-16	-11	3.265	1.894	1.317	-49.08
10	23/03/2011	7.2	1	17.28	WT	Depol Step	-10	-5	0	0	1.317	-43.94
10	23/03/2011	7.2	2	17.29	WT	Depol Step	-10	0	2.241	1.423	-26.79	-39.92
10	23/03/2011	7.2	3	17.31	WT	Depol Step	-10	5	3.556	2.969	-21.47	-33.32
10	23/03/2011	7.2	4	17.32	WT	Depol Step	-10	10	4.736	4.283	-13.32	-24.32
11	01/04/2011	2.6	0	13	WT	Const	0		16.22		-15.98	-32.09
11	01/04/2011	2.6	1	12.75	WT	Depol Step	-10	-5	5.908	7.685	-25.73	-43.95
11	01/04/2011	2.6	2	12.78	WT	Depol Step	-10	0	15.14	16.06	-21.14	-35.64
11	01/04/2011	2.6	3	12.83	WT	Depol Step	-10	5	20.46	19.68	-18	-30.92
11	01/04/2011	2.6	4	12.86	WT	Depol Step	-10	10	26.9	23.95	-13.81	-25.17
12	06/04/2011	4.3	0	14	WT	Const	0		7.046		1.961	-37.65
12	06/04/2011	4.3	1	14.37	WT	Depol Step	-10	-5	2.776	2.775	-3.013	-44.93
12	06/04/2011	4.3	2	14.39	WT	Depol Step	-10	0	7.723	8.142	-1.763	-39.23
12	06/04/2011	4.3	3	14.41	WT	Depol Step	-10	5	11.45	11.97	2.081	-35.84
12	06/04/2011	4.3	4	14.42	WT	Depol Step	-10	10	16.73	17.56	2.188	-32.18
12	06/04/2011	4.3	9	15.01	WT	Depol Step	-10	10	16.73	17.56	2.188	-26.51
13	08/04/2011	5.6	0	16	WT	Const	0		3.98		-4.048	-40.07
13	08/04/2011	5.6	1	16.02	WT	Depol Step	-12	-7	0	0	-4.048	-45.37
13	08/04/2011	5.6	2	16.03	WT	Depol Step	-12	-2	4.322	3.586	-9.473	-43.27
13	08/04/2011	5.6	3	16.06	WT	Depol Step	-12	3	8.627	7.799	-7.734	-39.07
13	08/04/2011	5.6	4	16.09	WT	Depol Step	-12	8	13.52	11.78	-6.023	-35.39
14	12/04/2011	15	0	21	WT	Const	0		1.58		-0.9955	-42.93
14	12/04/2011	15	1	20.62	WT	Depol Step	-9	-4	13.52	11.78	-0.9955	-45.14
14	12/04/2011	15	2	20.66	WT	Depol Step	-9	1	1.983	1.878	-6.424	-45.47
14	12/04/2011	15	3	20.67	WT	Depol Step	-9	6	5.056	5.116	-3.337	-40.56
14	12/04/2011	15	4	20.69	WT	Depol Step	-9	11	8.935	9.019	-1.619	-36.73
15	22/04/2011	2.7	0	13	WT	Const	0		24.94		-15.3	-27.17
15	22/04/2011	2.7	1	12.76	WT	Depol Step	-22	-17	3.768	1.047	-25.81	-50.78
15	22/04/2011	2.7	2	12.78	WT	Depol Step	-22	-12	5.612	7.749	-24.51	-45.61
15	22/04/2011	2.7	3	12.80	WT	Depol Step	-22	-7	16.35	14.33	-22.34	-39.64
15	22/04/2011	2.7	4	12.83	WT	Depol Step	-22	-2	21.27	20.41	-19.59	-34.97
16	22/04/2011	6.2	13	16	WT	Const	0		1.224		-1.383	-41.54
16	22/04/2011	6.2	14	16.24	WT	Depol Step	-10	-5	21.27	20.41	-1.383	-44.7
16	22/04/2011	6.2	15	16.26	WT	Depol Step	-10	0	3.493	2.876	-7.035	-43.21
16	22/04/2011	6.2	16	16.28	WT	Depol Step	-10	5	5.234	5.503	-6.06	-40.4
16	22/04/2011	6.2	17	16.29	WT	Depol Step	-10	10	9.445	10.19	-4.297	-36.66
16	22/04/2011	6.2	18	16.35	WT	Depol Step	0	5	6.323	5.936	-5.803	-39.4
16	22/04/2011	6.2	19	16.38	WT	Depol Step	0	10	11.08	9.862	-4.693	-36.11
16	22/04/2011	6.2	20	16.42	WT	Depol Step	0	15	14.5	12.64	-3.811	-33.56
17	28/04/2011	11	22	21	WT	Const	0		4.555		-15.24	-41.59
17	28/04/2011	11	23	21.18	WT	Depol Step	0	5	10.45	10.69	-14.07	-36.34
17	28/04/2011	11	24	21.20	WT	Depol Step	0	10	16.81	14.27	-12.05	-31.75
17	28/04/2011	11	25	21.21	WT	Depol Step	0	15	22.3	19.82	-8.797	-26.4
17	28/04/2011	11	26	21.23	WT	Depol Step	0	20	26.65	22.69	-6.26	-22
17	28/04/2011	11	27	21.30	WT	Depol Step	-5	0	4.229	4.076	-19.22	-45.95
17	28/04/2011	11	28	21.30	WT	Depol Step	-5	5	7.033	7.699	-17.83	-41.85
17	28/04/2011	11	29	21.31	WT	Depol Step	-5	10	13.21	14.48	-14.78	-35.62
17	28/04/2011	11	30	21.35	WT	Depol Step	-3	17	20.62	20.94	-10.65	-28.24
18	28/04/2011	14	35	24	WT	Const	0		0			-48.66
18	28/04/2011	14	36	23.53	WT	Depol Step	0	5	1.318	0.8817	-34.39	-42.7
18	28/04/2011	14	37	23.55	WT	Depol Step	0	10	4.12	3.438	-5.256	-40.9
18	28/04/2011	14	38	23.56	WT	Depol Step	0	15	8.555	7.131	-2.121	-37.12
18	28/04/2011	14	39	23.57	WT	Depol Step	0	20	12.61	10.22	-1.517	-34.33
18	28/04/2011	14	40	23.61	WT	Depol Step	-5	0	12.61	10.22	-1.517	-44.67
18	28/04/2011	14	41	23.63	WT	Depol Step	-5	5	2.558	2.082	-9.979	-44.11
18	28/04/2011	14	42	23.64	WT	Depol Step	-5	10	5.77	5.294	-6.952	-40.48
18	28/04/2011	14	43	23.65	WT	Depol Step	-5	15	9.662	8.401	-5.942	-37.24
19	29/04/2011	16	5	1.5	WT	Const	0		0			-49.66
19	29/04/2011	16	6	1.57	WT	Depol Step	0	5	2.448	1.444	-2.133	-42.02
19	29/04/2011	16	7	1.58	WT	Depol Step	0	10	7.809	6.636	0.8002	-37.59
19	29/04/2011	16	8	1.59	WT	Depol Step	0	15	12.62	10.72	2.529	-34.11
19	29/04/2011	16	9	1.60	WT	Depol Step	0	20	17.57	14.69	3.73	-30.83
19	29/04/2011	16	10	1.62	WT	Depol Step	-5	0	1.93	0.8351	-6.022	-45.44
19	29/04/2011	16	11	1.63	WT	Depol Step	-5	5	3.864	3.456	-4.185	-42.2
19	29/04/2011	16	12	1.65	WT	Depol Step	-5	10	7.164	7.892	-2.309	-38.24
19	29/04/2011	16	13	1.67	WT	Depol Step	-5	15	11.91	11.88	-0.6162	-34.5
19	29/04/2011	16	20	18	WT	Const	0		0			-50.79
19	29/04/2011	16	21	18.05	WT	Depol Step	0	5	1.947	0.7649	6.087	-47.22
19	29/04/2011	16	22	18.07	WT	Depol Step	0	10	6.447	5.477	7.828	-44.35
19	29/04/2011	16	23	18.08	WT	Depol Step	0	15	12.41	10.09	7.729	-41.69
19	29/04/2011	16	24	18.10	WT	Depol Step	0	20	17.14	13.49	9.216	-39.47
19	29/04/2011	16	25	18.13	WT	Depol Step	-5	0	0.4052	0	8.956	-47.39
19	29/04/2011	16	26	18.15	WT	Depol Step	-5	5	0.7722	0.7632	6.459	-46.58
19	29/04/2011	16	27	18.17	WT	Depol Step	-5	10	5.234	2.267	7.075	-45.06
19	29/04/2011	16	28	18.19	WT	Depol Step	-5	15	8.289	7.553	5.371	-42.91
19	29/04/2011	16	32	19	WT	Const	0		18.28		-15.62	-32.3
20	07/12/2011	8	0	16	WT	Const	0		0			-42.19
20	07/12/2011	8	1	16.03	WT	Depol Step	0	5	0.659	1.492	5.66	-36.82
20	07/12/2011	8	2	16.04	WT	Depol Step	0	10	5.816	6.531	9.146	-34.5
20	07/12/2011	8	3	16.07	WT	Depol Step	0	15	14.17	11.54	12.21	-29.82
20	07/12/2011	8	4	16.09	WT	Depol Step	0	20	18.67	15.03	14.49	-26.57
20	07/12/2011	8	5	16.12	WT	Depol Step	-10	-5	18.67	15.03	14.49	-43.96
20	07/12/2011	8	6	16.13	WT	Depol Step	-10	0	1.667	0.5226	-0.9366	-40.25
20	07/12/2011	8	7	16.13	WT	Depol Step	-10	5	5.709	5.678	4.206	-36.41
20	07/12/2011	8	8	16.16	WT	Depol Step	-10	10	9.842	9.63	6.683	-32.71
21	07/12/2011	9.7	10	18	WT	Const	0		1.412		6.956	-41.18
21	07/12/2011	9.7	11	17.72	WT	Depol Step	0	5	7.904	5.732	8.392	-37.78
21	07/12/2011	9.7	12	18	WT	Const	0		1.63		6.791	-42.3
21	07/12/2011	9.7	13	17.75	WT	Depol Step	0	10	14.08	10.21	8.71	-34.81
21	07/12/2011	9.7	14	17.77	WT	Depol Step	0	15	17.73	13.78	9.576	-32.4
21	07/12/2011	9.7	15	17.79	WT	Depol Step	0	20	19.97	15.65	10.35	-29.69
21	07/12/2011	9.7	16	17.84	WT	Depol Step	-11	-6	0	0	10.35	-43.01
21	07/12/2011	9.7	17	17.85	WT	Depol Step	-11	-1	4.176	4.165	-0.1378	-41.83
21	07/12/2011	9.7	18	17.87	WT	Depol Step	-11	4	9.689	8.006	2.378	-36.7
21	07/12/2011	9.7	21	18	WT	Const	0		0.558		-7.565	-38.11
22	07/12/2011	11	23	20	WT	Const	0		0.2728		-7.174	-42.72
22	07/12/2011	11	24	19.52	WT	Depol Step	0	5	5.265	4.449	-2.435	-37.89
22	07/12/2011	11	25	19.54	WT	Depol Step	0	10	9.596	7.978	1.633	-32.98
22	07/12/2011	11	26	19.57	WT	Depol Step	0	15	13.81	11.76	5.179	-28.45
22	07/12/2011	11	27	19.59	WT	Depol Step	0	20	17.09	13.89	8.428	-23.45
22	07/12/2011	11	28	19.61	WT	Depol Step	-5	0	1.024	0.6133	-10.61	-44.06
22	07/12/2011	11	29	19.62	WT	Depol Step	-5	5	4.832	4.245	-6.011	-38.17
22	07/12/2011	11	30	19.64	WT	Depol Step	-5	10	8.761	8.07	-0.4831	-31.94
22	07/12/2011	11	31	19.68	WT	Depol Step	-5	15	14.29	12.12	5.861	-23.76
22	07/12/2011	11	33	20	WT	Const	0		0.1432		-11.49	-44.24
23	20/12/2011	4	0	12	WT	Const	0		4.897		2.186	-40.09
23	20/12/2011	4	1	12	WT	Const	0		3.857		1.807	-41.31
23	20/12/2011	4	2	12.03	WT	Depol Step	0	5	12.1	8.585	2.069	-37.94
23	20/12/2011	4	3	12.04	WT	Depol Step	0	10	17.18	12.49	2.804	-35.28
23	20/12/2011	4	4	12.05	WT	Depol Step	0	15	22.92	17.04	5.918	-32.26
23	20/12/2011	4	5	12.06	WT	Depol Step	0	20	25.7	18.51	7.621	-29.38
23	20/12/2011	4	6	12.11	WT	Depol Step	-12	-7	25.7	18.51	7.621	-46.44
23	20/12/2011	4	7	12.12	WT	Depol Step	-12	-2	3.258	4.411	-7.81	-42.45
23	20/12/2011	4	8	12.13	WT	Depol Step	-12	3	8.655	10.27	-3.642	-37.42
23	20/12/2011	4	9	12.15	WT	Depol Step	-12	8	14.69	13.57	-2.05	-34.38
23	20/12/2011	4	11	12	WT	Const	0		0.7318		-14.94	-39.58
24	21/12/2011	5.1	0	13	WT	Const	0		5.013		-9.595	-39.77
24	21/12/2011	5.1	1	13	WT	Const	0		4.552		-9.125	-40.36
24	21/12/2011	5.1	2	13.12	WT	Depol Step	0	5	13.21	9.351	-7.139	-35.03
24	21/12/2011	5.1	3	13.13	WT	Depol Step	0	10	19.9	15.54	-5.345	-30.75
24	21/12/2011	5.1	4	13.14	WT	Depol Step	0	15	28.09	20.27	-2.43	-25.34
24	21/12/2011	5.1	5	13.16	WT	Depol Step	0	20	34.13	23.29	-0.09346	-21.5
24	21/12/2011	5.1	6	13.19	WT	Depol Step	-9	-4	34.13	23.29	-0.09346	-45.14
24	21/12/2011	5.1	7	13.20	WT	Depol Step	-9	1	4.339	5.242	-14.31	-40.45
24	21/12/2011	5.1	8	13.22	WT	Depol Step	-9	6	7.79	11.23	-10.45	-35.64
24	21/12/2011	5.1	9	13.24	WT	Depol Step	-9	11	15.65	15.91	-7.171	-30.02
25	21/12/2011	8.1	16	16	WT	Const	0		9.209		-16.5	-38.28
25	21/12/2011	8.1	17	16	WT	Const	0		9.985		-16.24	-38.25
25	21/12/2011	8.1	18	16.11	WT	Depol Step	0	5	21.55	17.06	-13.72	-30.01
25	21/12/2011	8.1	19	16.12	WT	Depol Step	0	10	25.18	21.36	-10.32	-25.2
25	21/12/2011	8.1	20	16.14	WT	Depol Step	0	15	27.98	23.67	-6.221	-20.86
25	21/12/2011	8.1	21	16.16	WT	Depol Step	0	20	29	23.78	-4.087	-17.53
25	21/12/2011	8.1	22	16.24	WT	Depol Step	-7	-4	0	0.4815	-19.6	-48.65
25	21/12/2011	8.1	23	16.25	WT	Depol Step	-7	3	11.5	13.49	-16.01	-36.77
25	21/12/2011	8.1	24	16.26	WT	Depol Step	-7	8	18.43	16.92	-14.24	-31.8
25	21/12/2011	8.1	25	16.28	WT	Depol Step	-7	13	24.06	20.3	-9.956	-27.06
26	24/12/2011	12	0	20	WT	Const	0		1.468		-21.12	-45.52
26	24/12/2011	12	1	20	WT	Const	0		1.338		-21.82	-46.2
26	24/12/2011	12	2	19.99	WT	Depol Step	0	5	13.24	11.1	-19.02	-35.75
26	24/12/2011	12	3	20.01	WT	Depol Step	0	10	23.06	17.25	-15.97	-30.09
26	24/12/2011	12	4	20.03	WT	Depol Step	0	15	29	22.02	-12.27	-24.62
26	24/12/2011	12	5	20.04	WT	Depol Step	0	20	32.63	26.2	-8.905	-20.29
27	06/01/2012	4.9	1	13	WT	Const	0		7.527		-17.09	-37.29
27	06/01/2012	4.9	2	12.90	WT	Depol Step	0	5	17.17	14.38	-13.94	-31.38
27	06/01/2012	4.9	3	12.91	WT	Depol Step	0	10	22.22	19.2	-10.4	-25.7
27	06/01/2012	4.9	4	12.92	WT	Depol Step	0	15	0	0	-10.4	-20.75
27	06/01/2012	4.9	5	12.93	WT	Depol Step	0	20	27.31	25.61	-4.073	-16.64
27	06/01/2012	4.9	6	12.98	WT	Depol Step	-9	-4	1.978	1.959	-21.87	-46.32
27	06/01/2012	4.9	7	12.99	WT	Depol Step	-9	1	9.193	10.18	-18.99	-38.52
27	06/01/2012	4.9	8	13.01	WT	Depol Step	-9	6	15.68	15.82	-15.39	-32.22
27	06/01/2012	4.9	9	13.03	WT	Depol Step	-9	11	20.67	19.67	-11.42	-26.67
27	06/01/2012	4.9	13	13	WT	Const	0		0			-39.16
27	06/01/2012	4.9	15	13	WT	Const	0		0.2319		-6.078	-44
28	01/02/2012	9.9	1	17.96	WT	Depol Step	0	10	15.49	12.02	-1.639	-33.4
29	02/02/2012	8	1	16.05	WT	Depol Step	0	10	7.3	7.117	-2.065	-37.04
30	07/02/2012	19	0	15	WT	Const	0		6.793		-16.6	-39.96
32	10/02/2012	20	1	16	WT	Const	0		0.3494		-23.78	-41.98
33	24/10/2012	23	2	14.04	WT	DepolSteps	0	0	0	0	-46.86	-46.86
33	24/10/2012	23	2	14.04	WT	DepolSteps	0	0.005	7.7	8.117	-16.56	-39.54
33	24/10/2012	23	2	14.04	WT	DepolSteps	0	0.01	16.85	14.73	-14.86	-32.93
33	24/10/2012	23	2	14.04	WT	DepolSteps	0	0.015	25.45	20.49	-10.84	-27.61
33	24/10/2012	23	2	14.04	WT	DepolSteps	0	0.02	30.53	23.88	-7.952	-24.07
34	24/10/2012	23	4	14	WT	Const	0		10.28		-12.44	-37.28
35	26/10/2012	9.6	0	13	WT	Const	0		0			-3.192
35	26/10/2012	9.6	1	13	WT	Const	0		4.773		-18.4	-42.81
35	26/10/2012	9.6	3	12.61	WT	DepolSteps	0	0	2.086	2.253	-19.68	-46.05
35	26/10/2012	9.6	3	12.61	WT	DepolSteps	0	0.005	16.35	11.19	-18.45	-38.26
35	26/10/2012	9.6	3	12.61	WT	DepolSteps	0	0.01	23.67	17.35	-16.4	-34.23
35	26/10/2012	9.6	3	12.61	WT	DepolSteps	0	0.015	26.98	21.35	-14.39	-30.45
35	26/10/2012	9.6	3	12.61	WT	DepolSteps	0	0.02	29.28	25.53	-12.41	-28.21
35	26/10/2012	9.6	9	14	WT	Const	0		0.6076		6.109	1.242
36	29/10/2012	1.5	1	17	WT	Const	0		12.18		-2.795	-46.38
36	29/10/2012	1.5	3	16.55	WT	DepolSteps	0	0	0	0	-46.27	-46.27
36	29/10/2012	1.5	3	16.55	WT	DepolSteps	0	0.005	1.581	3.332	-6.81	-37.44
36	29/10/2012	1.5	3	16.55	WT	DepolSteps	0	0.01	10.98	9.948	-2.973	-32.82
36	29/10/2012	1.5	3	16.55	WT	DepolSteps	0	0.015	18.66	15.16	0.1015	-25.47
36	29/10/2012	1.5	3	16.55	WT	DepolSteps	0	0.02	24.02	18.57	9.957	-10.71
37	01/11/2012	10	0	13	WT	Const	0		0.3974		-1.778	-0.9688
37	01/11/2012	10	1	13	WT	Const	0		6.014		-15.16	-38.92
37	01/11/2012	10	3	13.13	WT	DepolSteps	0	0	4.428	4.801	-13.69	-41.4
37	01/11/2012	10	3	13.13	WT	DepolSteps	0	0.005	18.85	14.42	-11.68	-34.59
37	01/11/2012	10	3	13.13	WT	DepolSteps	0	0.01	25.19	21.35	-9.13	-30.26
37	01/11/2012	10	3	13.13	WT	DepolSteps	0	0.015	30.48	26.38	-7.095	-26.7
37	01/11/2012	10	3	13.13	WT	DepolSteps	0	0.02	32.84	30.03	-4.321	-23.07
38	01/11/2012	2.2	9	17	WT	Const	0		0			1.327
38	01/11/2012	2.2	10	17	WT	Const	0		7.34		-6.774	-37.43
38	01/11/2012	2.2	12	17.24	WT	DepolSteps	0	0	7.514	6.8	-3.52	-38.16
38	01/11/2012	2.2	12	17.24	WT	DepolSteps	0	0.005	13.46	11.17	-2.985	-36
38	01/11/2012	2.2	12	17.24	WT	DepolSteps	0	0.01	19.82	14.89	-1.532	-33.17
38	01/11/2012	2.2	12	17.24	WT	DepolSteps	0	0.015	22.74	18.46	0.03493	-30.56
38	01/11/2012	2.2	12	17.24	WT	DepolSteps	0	0.02	26.6	20.29	0.6247	-29.11
39	05/11/2012	1.9	13	17	WT	Const	0		0			-4.361
39	05/11/2012	1.9	14	17	WT	Const	0		6.059		-13.86	-39.69
39	05/11/2012	1.9	16	16.97	WT	DepolSteps	0	0	6.237	6.288	-13.75	-40.22
39	05/11/2012	1.9	16	16.97	WT	DepolSteps	0	0.005	17.37	13.1	-12.82	-35.43
39	05/11/2012	1.9	16	16.97	WT	DepolSteps	0	0.01	22.09	17.3	-11.26	-32.2
39	05/11/2012	1.9	16	16.97	WT	DepolSteps	0	0.015	23.79	21.06	-9.388	-28.68
39	05/11/2012	1.9	16	16.97	WT	DepolSteps	0	0.02	26.33	23.28	-7.639	-25.97
40	06/11/2012	10	1	13	WT	Const	0		7.427		-11.43	-17.89
40	06/11/2012	10	4	13.46	WT	DepolSteps	0	0	2.557	2.495	-12.7	-45.03
40	06/11/2012	10	4	13.46	WT	DepolSteps	0	0.005	16.26	10.64	-12.12	-38.53
40	06/11/2012	10	4	13.46	WT	DepolSteps	0	0.01	20.05	16.62	-10.22	-34.94
40	06/11/2012	10	4	13.46	WT	DepolSteps	0	0.015	24.52	20.58	-7.022	-30.06
40	06/11/2012	10	4	13.46	WT	DepolSteps	0	0.02	26.95	23.78	-4.984	-27.56
41	08/11/2012	11	0	14	WT	Const	0		0			-4.538
41	08/11/2012	11	1	14	WT	Const	0		0.7024		-9.51	-43.92
41	08/11/2012	11	3	13.71	WT	DepolSteps	0	0	0.7998	1.959	-11.2	-45.4
41	08/11/2012	11	3	13.71	WT	DepolSteps	0	0.005	11.55	7.079	-10.91	-39.17
41	08/11/2012	11	3	13.71	WT	DepolSteps	0	0.01	19.25	11.66	-9.466	-34.88
41	08/11/2012	11	3	13.71	WT	DepolSteps	0	0.015	23.44	14.94	-6.707	-30.99
41	08/11/2012	11	3	13.71	WT	DepolSteps	0	0.02	25.11	18.01	-4.932	-27.57
41	08/11/2012	11	9	15	WT	Const	0		0			-1.711
41	08/11/2012	11	10	15	WT	Const	0		29.44		1.743	-2.441
42	09/11/2012	2.5	7	17	WT	Const	0		6.44		-17.43	-37.26
42	09/11/2012	2.5	9	17.50	WT	DepolSteps	0	0	3.852	4.393	-19.25	-40.02
42	09/11/2012	2.5	9	17.50	WT	DepolSteps	0	0.005	13.7	7.647	-15.05	-34.18
42	09/11/2012	2.5	9	17.50	WT	DepolSteps	0	0.01	20.85	14.8	-11.68	-29.87
42	09/11/2012	2.5	9	17.50	WT	DepolSteps	0	0.015	22.49	16.94	-9.078	-26.01
42	09/11/2012	2.5	9	17.50	WT	DepolSteps	0	0.02	25.31	19.32	-7.146	-23.32
43	10/11/2012	4.1	0	17	WT	Const	0		0			2.2
43	10/11/2012	4.1	1	19	WT	Const	0		0			-0.4159
43	10/11/2012	4.1	2	19	WT	Const	0		3.621		-9.263	-39.41
43	10/11/2012	4.1	4	18.80	WT	DepolSteps	0	0	2.83	3.276	-5.264	-39.95
43	10/11/2012	4.1	4	18.80	WT	DepolSteps	0	0.005	12.14	8.871	-3.869	-36.02
43	10/11/2012	4.1	4	18.80	WT	DepolSteps	0	0.01	18.53	13.24	-2.618	-32.86
43	10/11/2012	4.1	4	18.80	WT	DepolSteps	0	0.015	23.4	16.81	-1.442	-30.04
43	10/11/2012	4.1	4	18.80	WT	DepolSteps	0	0.02	28.09	21.34	-0.5543	-28.74
44	11/11/2012	2	1	17	WT	Const	0		4.995		5.771	0.07156
44	11/11/2012	2	2	17	WT	Const	0		5.969		-4.988	-37.58
44	11/11/2012	2	4	17.07	WT	DepolSteps	0	0	9.211	8.791	-4.141	-37.47
44	11/11/2012	2	4	17.07	WT	DepolSteps	0	0.005	14.08	10.51	-2.131	-35.56
44	11/11/2012	2	4	17.07	WT	DepolSteps	0	0.01	21.33	13.42	-0.7076	-33.31
44	11/11/2012	2	4	17.07	WT	DepolSteps	0	0.015	24.28	16.98	0.4395	-30.85
44	11/11/2012	2	4	17.07	WT	DepolSteps	0	0.02	28	20.33	1.256	-29.2
45	11/11/2012	3.3	10	18	WT	Const	0		3.506		4.826	0.02155
45	11/11/2012	3.3	11	18	WT	Const	0		9.634		-16.63	-37.79
45	11/11/2012	3.3	13	18.41	WT	DepolSteps	0	0	7.088	5.621	-16.75	-40.87
45	11/11/2012	3.3	13	18.41	WT	DepolSteps	0	0.005	17.25	12.58	-15.22	-36.44
45	11/11/2012	3.3	13	18.41	WT	DepolSteps	0	0.01	24.38	19.42	-13.39	-32.47
45	11/11/2012	3.3	13	18.41	WT	DepolSteps	0	0.015	28.38	23.71	-11.03	-28.87
45	11/11/2012	3.3	13	18.41	WT	DepolSteps	0	0.02	28.79	26.01	-8.634	-25.82
46	13/11/2012	1.5	8	16	WT	Const	0		4.822		-16.6	-39.7
46	13/11/2012	1.5	10	16.52	WT	DepolSteps	0	0	4.914	4.92	-19.09	-40.12
46	13/11/2012	1.5	10	16.52	WT	DepolSteps	0	0.005	11.32	9.667	-16.39	-34.29
46	13/11/2012	1.5	10	16.52	WT	DepolSteps	0	0.01	16.2	13.56	-13.15	-29.24
46	13/11/2012	1.5	10	16.52	WT	DepolSteps	0	0.015	19.86	17.1	-8.678	-23.7
46	13/11/2012	1.5	10	16.52	WT	DepolSteps	0	0.02	23.1	19.67	-5.69	-19.81
47	22/11/2012	4.5	10	20	WT	Const	0		7.049		-18	-40.64
47	22/11/2012	4.5	12	19.56	WT	DepolSteps	0	0	4.732	5.41	-18.08	-43.21
47	22/11/2012	4.5	12	19.56	WT	DepolSteps	0	0.005	17.86	13.17	-16.36	-36.56
47	22/11/2012	4.5	12	19.56	WT	DepolSteps	0	0.01	25.72	19.82	-14.39	-32.72
47	22/11/2012	4.5	12	19.56	WT	DepolSteps	0	0.015	32.91	24.73	-11.64	-28.68
47	22/11/2012	4.5	12	19.56	WT	DepolSteps	0	0.02	31.94	28.24	-9.736	-26.18
